"","X1","X2","norm","group"
"1",0,0,21.4362358067026,"a"
"2",0,0,4.01614158888825,"a"
"3",0,0,6.52853744782271,"a"
"4",0,0,7.93853524431599,"a"
"5",0,0,5.14663329440258,"a"
"6",0,0,5.26360027385946,"a"
"7",0,0,13.7406967014528,"a"
"8",0,0,9.41522387056424,"a"
"9",0,0,10.7632881314112,"a"
"10",0,0,20.9498905366469,"a"
"11",0,0,11.7849311516451,"a"
"12",0,0,23.5837589156536,"a"
"13",0,0,21.4072596299478,"a"
"14",0,0,11.6201027006926,"a"
"15",0,0,19.4803353340497,"a"
"16",0,0,12.3384025566085,"a"
"17",0,0,5.53099638457278,"a"
"18",0,0,8.46335850231403,"a"
"19",0,0,9.97588788866215,"a"
"20",0,0,14.9408207474997,"a"
"21",0,0,14.1987517981204,"a"
"22",0,0,13.5267091545275,"a"
"23",0,0,16.5298236040584,"a"
"24",0,0,3.06001891703575,"a"
"25",0,0,16.3645843212762,"a"
"26",0,0,10.9209638561788,"a"
"27",0,0,13.7613994787002,"a"
"28",0,0,12.9587252623136,"a"
"29",0,0,5.0847370211449,"a"
"30",0,0,8.61968022443997,"a"
"31",0,0,5.64574488715704,"a"
"32",0,0,13.5935527654212,"a"
"33",0,0,10.5532643888467,"a"
"34",0,0,9.60766616014148,"a"
"35",0,0,7.89754770329001,"a"
"36",0,0,7.18937061857367,"a"
"37",0,0,14.9875672237765,"a"
"38",0,0,4.47434970593369,"a"
"39",0,0,9.28856084612707,"a"
"40",0,0,11.5749745244396,"a"
"41",0,0,16.0927526725367,"a"
"42",0,0,6.50341460657243,"a"
"43",0,0,8.57283624235637,"a"
"44",0,0,3.44223663695307,"a"
"45",0,0,8.04493784275371,"a"
"46",0,0,7.99236693452514,"a"
"47",0,0,16.7525879046148,"a"
"48",0,0,12.9559501354461,"a"
"49",0,0,10.5026272781428,"a"
"50",0,0,14.6553599776005,"a"
"51",0,0,8.68628825716734,"a"
"52",0,0,9.96165947643668,"a"
"53",0,0,11.8357650327282,"a"
"54",0,0,18.535812725688,"a"
"55",0,0,13.6187013126419,"a"
"56",0,0,12.4051802435396,"a"
"57",0,0,2.16065877887374,"a"
"58",0,0,11.5912514174041,"a"
"59",0,0,10.8299572533868,"a"
"60",0,0,5.50046185185914,"a"
"61",0,0,10.3818573693029,"a"
"62",0,0,10.7957763913136,"a"
"63",0,0,12.7183709235485,"a"
"64",0,0,13.5240367630652,"a"
"65",0,0,11.5948457127855,"a"
"66",0,0,15.5462489448553,"a"
"67",0,0,13.8457709732856,"a"
"68",0,0,15.7673683738947,"a"
"69",0,0,16.3034175134047,"a"
"70",0,0,13.5031175328616,"a"
"71",0,0,12.1631358042298,"a"
"72",0,0,5.3869914087154,"a"
"73",0,0,6.92207896684541,"a"
"74",0,0,5.66670155874313,"a"
"75",0,0,1.80241456409431,"a"
"76",0,0,3.37080378078295,"a"
"77",0,0,5.55481636181015,"a"
"78",0,0,7.21198834848943,"a"
"79",0,0,9.68798845580826,"a"
"80",0,0,22.1134648857971,"a"
"81",0,0,11.7129267507365,"a"
"82",0,0,10.0212411812607,"a"
"83",0,0,10.1460992100083,"a"
"84",0,0,8.03288285439349,"a"
"85",0,0,6.03647718605536,"a"
"86",0,0,8.44149067352414,"a"
"87",0,0,8.2696570410957,"a"
"88",0,0,8.47696205877338,"a"
"89",0,0,1.07053256277741,"a"
"90",0,0,12.9363733592898,"a"
"91",0,0,18.178972172233,"a"
"92",0,0,6.77288263182802,"a"
"93",0,0,13.0949608439367,"a"
"94",0,0,11.1819679920066,"a"
"95",0,0,14.2325044937582,"a"
"96",0,0,7.13177130575153,"a"
"97",0,0,15.5899660199809,"a"
"98",0,0,2.2999943403349,"a"
"99",0,0,7.80938050349957,"a"
"100",0,0,9.24663514551776,"a"
"101",0,0,19.1905836527295,"b"
"102",0,0,19.8753970490189,"b"
"103",0,0,13.2066693894479,"b"
"104",0,0,2.25638985130617,"b"
"105",0,0,17.0872211763837,"b"
"106",0,0,-2.03878542683493,"b"
"107",0,0,23.9128962505271,"b"
"108",0,0,24.2322044470037,"b"
"109",0,0,22.4014543888348,"b"
"110",0,0,15.2007860795572,"b"
"111",0,0,9.73744944554294,"b"
"112",0,0,18.5892624350403,"b"
"113",0,0,20.4504794769392,"b"
"114",0,0,20.115305492902,"b"
"115",0,0,5.10788706131206,"b"
"116",0,0,29.4389234869222,"b"
"117",0,0,1.58236395114957,"b"
"118",0,0,25.0344734039128,"b"
"119",0,0,23.8277235667557,"b"
"120",0,0,17.043271740332,"b"
"121",0,0,-1.54718216195304,"b"
"122",0,0,29.6989077640031,"b"
"123",0,0,20.8844969328408,"b"
"124",0,0,12.2239634104842,"b"
"125",0,0,21.2920126592909,"b"
"126",0,0,29.3325093144714,"b"
"127",0,0,19.0657844800538,"b"
"128",0,0,14.3332767626331,"b"
"129",0,0,-0.675507151375776,"b"
"130",0,0,24.1915771592902,"b"
"131",0,0,8.06660666776558,"b"
"132",0,0,22.1240988996079,"b"
"133",0,0,22.6616783030525,"b"
"134",0,0,17.6830830324078,"b"
"135",0,0,25.3481909861876,"b"
"136",0,0,6.42900719932079,"b"
"137",0,0,18.4522056889868,"b"
"138",0,0,23.1593294385278,"b"
"139",0,0,16.6975874241816,"b"
"140",0,0,24.0754044888397,"b"
"141",0,0,-0.614332649228183,"b"
"142",0,0,5.25214389260683,"b"
"143",0,0,15.6522893835766,"b"
"144",0,0,16.0720702675414,"b"
"145",0,0,18.8236189079376,"b"
"146",0,0,13.2834162519195,"b"
"147",0,0,5.11071574623791,"b"
"148",0,0,18.859435702142,"b"
"149",0,0,17.4049675723613,"b"
"150",0,0,3.02075806013423,"b"
"151",0,0,10.4430555722137,"b"
"152",0,0,24.9730041072354,"b"
"153",0,0,4.93308030007528,"b"
"154",0,0,11.9254337586247,"b"
"155",0,0,20.7886143404702,"b"
"156",0,0,6.02212258775248,"b"
"157",0,0,-1.9153893797752,"b"
"158",0,0,25.8034812451764,"b"
"159",0,0,26.2256928983815,"b"
"160",0,0,13.8909081344015,"b"
"161",0,0,17.4552246574771,"b"
"162",0,0,14.941891580486,"b"
"163",0,0,14.0679336787375,"b"
"164",0,0,21.4262287809921,"b"
"165",0,0,24.4218653616162,"b"
"166",0,0,10.8066286176963,"b"
"167",0,0,17.2264339622349,"b"
"168",0,0,20.8505297882702,"b"
"169",0,0,17.202427743451,"b"
"170",0,0,-5.14938024024348,"b"
"171",0,0,-9.39962899398671,"b"
"172",0,0,18.8286429357895,"b"
"173",0,0,25.7853004738138,"b"
"174",0,0,1.07222966497137,"b"
"175",0,0,20.1577308524436,"b"
"176",0,0,16.5604208088657,"b"
"177",0,0,21.278390023905,"b"
"178",0,0,27.2411091853635,"b"
"179",0,0,15.4715849017865,"b"
"180",0,0,8.01460607245369,"b"
"181",0,0,35.9252992677919,"b"
"182",0,0,37.2711279557824,"b"
"183",0,0,25.3486959976946,"b"
"184",0,0,12.0911544381162,"b"
"185",0,0,18.7484456399365,"b"
"186",0,0,8.54525064741817,"b"
"187",0,0,24.5564854487081,"b"
"188",0,0,18.2902183249286,"b"
"189",0,0,-4.19956414155554,"b"
"190",0,0,7.08023910960639,"b"
"191",0,0,-5.31828247675564,"b"
"192",0,0,26.0967201264489,"b"
"193",0,0,11.2099995169278,"b"
"194",0,0,3.04216773058469,"b"
"195",0,0,12.9781395753666,"b"
"196",0,0,17.570229581562,"b"
"197",0,0,5.17697434249347,"b"
"198",0,0,13.4335220604171,"b"
"199",0,0,8.18981048579169,"b"
"200",0,0,20.4408818906552,"b"
"201",0,0,34.2334405324601,"b"
"202",0,0,22.6249249756016,"b"
"203",0,0,13.7509050852156,"b"
"204",0,0,20.0063494898287,"b"
"205",0,0,26.1648073504836,"b"
"206",0,0,2.23468450281739,"b"
"207",0,0,7.90659965680033,"b"
"208",0,0,17.8726257320996,"b"
"209",0,0,0.00859855517178865,"b"
"210",0,0,26.3249185071561,"b"
"211",0,0,14.1550750064898,"b"
"212",0,0,-2.20959051972094,"b"
"213",0,0,7.34535335695341,"b"
"214",0,0,8.251594904269,"b"
"215",0,0,4.98107024532019,"b"
"216",0,0,28.9159937036546,"b"
"217",0,0,12.6272068280619,"b"
"218",0,0,15.0828169807781,"b"
"219",0,0,3.64784896684825,"b"
"220",0,0,9.55256081278268,"b"
"221",0,0,12.0395073431245,"b"
"222",0,0,1.30635508250492,"b"
"223",0,0,23.5352118465072,"b"
"224",0,0,18.7254665382586,"b"
"225",0,0,8.4122189860933,"b"
"226",0,0,26.4206455973646,"b"
"227",0,0,13.8474153381385,"b"
"228",0,0,6.08211610800311,"b"
"229",0,0,9.98381257452627,"b"
"230",0,0,-4.96701289536051,"b"
"231",0,0,23.719749344249,"b"
"232",0,0,8.86045144092472,"b"
"233",0,0,14.1456167268991,"b"
"234",0,0,11.3906442979181,"b"
"235",0,0,29.2235839200911,"b"
"236",0,0,-0.733697457847885,"b"
"237",0,0,13.834419859463,"b"
"238",0,0,14.2454060888161,"b"
"239",0,0,13.9874301114052,"b"
"240",0,0,9.66067293375187,"b"
"241",0,0,9.94440943172469,"b"
"242",0,0,15.5523331887263,"b"
"243",0,0,4.27618181990825,"b"
"244",0,0,29.4817493040932,"b"
"245",0,0,10.2987666699328,"b"
"246",0,0,33.6152525685938,"b"
"247",0,0,7.90004424148922,"b"
"248",0,0,13.2257124259199,"b"
"249",0,0,-4.28859262687885,"b"
"250",0,0,22.0592424191629,"b"
"251",0,0,-0.775917800752165,"b"
"252",0,0,-15.7325571298167,"b"
"253",0,0,0.602378580386205,"b"
"254",0,0,11.341579736435,"b"
"255",0,0,10.1600659171234,"b"
"256",0,0,7.97057670035814,"b"
"257",0,0,7.4847596278207,"b"
"258",0,0,31.5767150928206,"b"
"259",0,0,13.8096513481266,"b"
"260",0,0,15.5528461246187,"b"
"261",0,0,6.39153559138421,"b"
"262",0,0,-1.49726907210251,"b"
"263",0,0,41.5016501172853,"b"
"264",0,0,24.4742324837449,"b"
"265",0,0,23.1799247376374,"b"
"266",0,0,18.7010950801773,"b"
"267",0,0,7.8262791216513,"b"
"268",0,0,14.4210627271665,"b"
"269",0,0,4.98101098711456,"b"
"270",0,0,27.3958320982254,"b"
"271",0,0,22.0385435010145,"b"
"272",0,0,17.1847865311324,"b"
"273",0,0,12.095466933467,"b"
"274",0,0,3.12733309388284,"b"
"275",0,0,15.4539972911852,"b"
"276",0,0,38.6280025076776,"b"
"277",0,0,23.2361969221068,"b"
"278",0,0,21.4187668797893,"b"
"279",0,0,28.1602179189601,"b"
"280",0,0,26.5166337026458,"b"
"281",0,0,35.0890569096113,"b"
"282",0,0,21.103126029268,"b"
"283",0,0,-0.751820086635558,"b"
"284",0,0,8.10273516283439,"b"
"285",0,0,15.39703246476,"b"
"286",0,0,8.88275766705277,"b"
"287",0,0,15.5093735115315,"b"
"288",0,0,18.4203939533969,"b"
"289",0,0,12.3760087740083,"b"
"290",0,0,23.7183854103597,"b"
"291",0,0,7.28734518213762,"b"
"292",0,0,30.3839716136517,"b"
"293",0,0,3.31727318666957,"b"
"294",0,0,13.8858787534227,"b"
"295",0,0,-4.65281339645843,"b"
"296",0,0,14.1825086349959,"b"
"297",0,0,11.529794544458,"b"
"298",0,0,4.80574887755849,"b"
"299",0,0,-7.73164432466513,"b"
"300",0,0,7.50622945546482,"b"
"301",0,0,19.2526154979865,"b"
"302",0,0,11.2427268924243,"b"
"303",0,0,14.5470976530285,"b"
"304",0,0,10.1175039426498,"b"
"305",0,0,9.82976953972079,"b"
"306",0,0,2.35824834845034,"b"
"307",0,0,31.3786413507696,"b"
"308",0,0,11.4592264981048,"b"
"309",0,0,4.26281376751521,"b"
"310",0,0,25.1119894662547,"b"
"311",0,0,23.7349905642351,"b"
"312",0,0,26.5712867584738,"b"
"313",0,0,31.7628758324976,"b"
"314",0,0,-12.8316852225019,"b"
"315",0,0,20.5986307514568,"b"
"316",0,0,25.7944966685031,"b"
"317",0,0,17.9351377646214,"b"
"318",0,0,2.10141332919675,"b"
"319",0,0,10.4347263471135,"b"
"320",0,0,-0.655080439443879,"b"
"321",0,0,3.09269847904439,"b"
"322",0,0,7.42745784368269,"b"
"323",0,0,36.6294100394207,"b"
"324",0,0,14.8769002947214,"b"
"325",0,0,21.6752300161673,"b"
"326",0,0,7.86842536035502,"b"
"327",0,0,15.5250296991098,"b"
"328",0,0,8.08292553228685,"b"
"329",0,0,4.39295032893954,"b"
"330",0,0,8.1504200508281,"b"
"331",0,0,20.5667288934098,"b"
"332",0,0,11.0975041200631,"b"
"333",0,0,23.0409772892849,"b"
"334",0,0,15.9902022370265,"b"
"335",0,0,13.4842519312246,"b"
"336",0,0,4.91794820513902,"b"
"337",0,0,2.57521660586853,"b"
"338",0,0,23.9032493576475,"b"
"339",0,0,15.1227327771342,"b"
"340",0,0,25.4963167416121,"b"
"341",0,0,4.89504676100538,"b"
"342",0,0,2.96180283484363,"b"
"343",0,0,-2.34867306328906,"b"
"344",0,0,-2.16382494205176,"b"
"345",0,0,5.63262992513318,"b"
"346",0,0,24.929991155745,"b"
"347",0,0,26.3509818020155,"b"
"348",0,0,15.7206660164655,"b"
"349",0,0,15.20493170239,"b"
"350",0,0,19.5753267033483,"b"
"351",0,0,18.9138316203117,"b"
"352",0,0,13.3098737562343,"b"
"353",0,0,0.492036850861322,"b"
"354",0,0,21.9935757118366,"b"
"355",0,0,10.7990592297658,"b"
"356",0,0,10.4304881062201,"b"
"357",0,0,8.89272062152942,"b"
"358",0,0,-4.78880082449811,"b"
"359",0,0,4.48154910121075,"b"
"360",0,0,36.7315661493149,"b"
"361",0,0,16.0268762999719,"b"
"362",0,0,-9.08554697870626,"b"
"363",0,0,13.4336433666168,"b"
"364",0,0,14.6284384204554,"b"
"365",0,0,21.1022813739146,"b"
"366",0,0,8.07692602688505,"b"
"367",0,0,16.9852463030341,"b"
"368",0,0,20.4253562671185,"b"
"369",0,0,35.1279509557413,"b"
"370",0,0,23.1777963316551,"b"
"371",0,0,-1.72854752875327,"b"
"372",0,0,23.9264173141652,"b"
"373",0,0,18.7952087128483,"b"
"374",0,0,11.0341944458398,"b"
"375",0,0,22.1584023471922,"b"
"376",0,0,4.00228386941903,"b"
"377",0,0,19.492102943828,"b"
"378",0,0,16.7977120445527,"b"
"379",0,0,23.1663588975498,"b"
"380",0,0,-3.3125725778358,"b"
"381",0,0,-0.795810668192944,"b"
"382",0,0,36.2981102738482,"b"
"383",0,0,17.864989464479,"b"
"384",0,0,20.6026568754704,"b"
"385",0,0,11.2376479030678,"b"
"386",0,0,16.7593299850993,"b"
"387",0,0,-8.74231201510946,"b"
"388",0,0,23.0808573994805,"b"
"389",0,0,3.13746891716295,"b"
"390",0,0,11.8447328538902,"b"
"391",0,0,6.66572623785729,"b"
"392",0,0,16.121178351137,"b"
"393",0,0,4.60858096567214,"b"
"394",0,0,7.80806363336144,"b"
"395",0,0,16.4401115791917,"b"
"396",0,0,17.7174338342545,"b"
"397",0,0,20.2720821875505,"b"
"398",0,0,3.26886074118661,"b"
"399",0,0,6.91307285768032,"b"
"400",0,0,23.0713167178417,"b"
"401",0,0,10.8029436150734,"b"
"402",0,0,25.6506594095434,"b"
"403",0,0,7.78289451147046,"b"
"404",0,0,26.4821318974761,"b"
"405",0,0,28.4040154175803,"b"
"406",0,0,21.6199343805165,"b"
"407",0,0,19.5937123504349,"b"
"408",0,0,29.9926380606136,"b"
"409",0,0,13.0154226515027,"b"
"410",0,0,-0.495537840845277,"b"
"411",0,0,11.4233869397747,"b"
"412",0,0,-6.33071330535859,"b"
"413",0,0,19.8696417152181,"b"
"414",0,0,15.6058653249745,"b"
"415",0,0,15.1315286809861,"b"
"416",0,0,19.716906069073,"b"
"417",0,0,4.34470345801514,"b"
"418",0,0,17.1800115301196,"b"
"419",0,0,12.2649241016835,"b"
"420",0,0,4.87388819107267,"b"
"421",0,0,-4.46894772611962,"b"
"422",0,0,20.6951801806467,"b"
"423",0,0,12.9121348115442,"b"
"424",0,0,29.6657535133156,"b"
"425",0,0,5.55154768335466,"b"
"426",0,0,24.9764928445014,"b"
"427",0,0,17.0088034277766,"b"
"428",0,0,6.23033747835115,"b"
"429",0,0,13.6156582134853,"b"
"430",0,0,25.094895688729,"b"
"431",0,0,19.3632526551954,"b"
"432",0,0,10.3665154183948,"b"
"433",0,0,12.9449928847831,"b"
"434",0,0,17.3387464283875,"b"
"435",0,0,22.1023105223345,"b"
"436",0,0,-2.83695382915992,"b"
"437",0,0,20.6572784294032,"b"
"438",0,0,6.07612465097772,"b"
"439",0,0,29.2772330323139,"b"
"440",0,0,-0.866923981930928,"b"
"441",0,0,7.28851418555777,"b"
"442",0,0,30.7517744656645,"b"
"443",0,0,20.1193206073377,"b"
"444",0,0,11.6779435433695,"b"
"445",0,0,20.0529331846724,"b"
"446",0,0,2.40893875997528,"b"
"447",0,0,2.35570728194628,"b"
"448",0,0,5.30075052531453,"b"
"449",0,0,11.3889428248302,"b"
"450",0,0,9.05804335602603,"b"
"451",0,0,0.941772686657599,"b"
"452",0,0,34.2341262073562,"b"
"453",0,0,6.44351178769291,"b"
"454",0,0,11.5840538107814,"b"
"455",0,0,24.9715889933293,"b"
"456",0,0,4.53387248852522,"b"
"457",0,0,2.66040078730641,"b"
"458",0,0,5.16616477262991,"b"
"459",0,0,19.1641339859013,"b"
"460",0,0,10.6204460119681,"b"
"461",0,0,13.7754814384291,"b"
"462",0,0,12.9794904228735,"b"
"463",0,0,17.0040859670187,"b"
"464",0,0,22.0662041299404,"b"
"465",0,0,13.6279410544457,"b"
"466",0,0,-0.564759923516899,"b"
"467",0,0,7.76109353361933,"b"
"468",0,0,12.3040172751512,"b"
"469",0,0,26.7612316790359,"b"
"470",0,0,11.4408552286881,"b"
"471",0,0,12.3463172896043,"b"
"472",0,0,9.72678888871322,"b"
"473",0,0,13.4312725309886,"b"
"474",0,0,-0.453835958571982,"b"
"475",0,0,32.8280701956646,"b"
"476",0,0,15.1689001807613,"b"
"477",0,0,18.211327027429,"b"
"478",0,0,29.7740438209633,"b"
"479",0,0,11.4861147577334,"b"
"480",0,0,13.4437566414387,"b"
"481",0,0,13.7746812853244,"b"
"482",0,0,37.3096097326277,"b"
"483",0,0,13.0116965308751,"b"
"484",0,0,15.6643157852767,"b"
"485",0,0,11.3036459982163,"b"
"486",0,0,22.4447360814288,"b"
"487",0,0,28.0876774913235,"b"
"488",0,0,-1.66236220506688,"b"
"489",0,0,15.6903818558058,"b"
"490",0,0,-1.05679168876212,"b"
"491",0,0,23.9493294741093,"b"
"492",0,0,26.4390840756865,"b"
"493",0,0,13.6374317412888,"b"
"494",0,0,9.88744121860957,"b"
"495",0,0,26.8414896424624,"b"
"496",0,0,2.82192341417099,"b"
"497",0,0,5.64930295333195,"b"
"498",0,0,29.0081169766722,"b"
"499",0,0,22.9915086049837,"b"
"500",0,0,9.43587922183962,"b"
"501",0,0,11.9398424959341,"b"
"502",0,0,8.12156393794438,"b"
"503",0,0,7.1454705442241,"b"
"504",0,0,24.048241824918,"b"
"505",0,0,6.27350907025248,"b"
"506",0,0,-5.93733701081375,"b"
"507",0,0,4.90745515423344,"b"
"508",0,0,8.36843919399802,"b"
"509",0,0,1.82144382915262,"b"
"510",0,0,-4.20317852875435,"b"
"511",0,0,10.0037065391337,"b"
"512",0,0,35.1836834820097,"b"
"513",0,0,28.1515754591153,"b"
"514",0,0,19.6476511577369,"b"
"515",0,0,3.18702835800468,"b"
"516",0,0,4.58023906492931,"b"
"517",0,0,11.5581655676824,"b"
"518",0,0,24.8548855382277,"b"
"519",0,0,19.5834382714314,"b"
"520",0,0,-7.76228350557997,"b"
"521",0,0,22.7730123131439,"b"
"522",0,0,22.4253533576818,"b"
"523",0,0,13.4841601186958,"b"
"524",0,0,7.09878597154495,"b"
"525",0,0,-4.38982845284016,"b"
"526",0,0,16.8303791703087,"b"
"527",0,0,-8.52590082654363,"b"
"528",0,0,21.3435018694019,"b"
"529",0,0,15.4580574064978,"b"
"530",0,0,7.50571419075908,"b"
"531",0,0,8.38775639860417,"b"
"532",0,0,17.3479204914903,"b"
"533",0,0,14.3201842701241,"b"
"534",0,0,26.3691718944452,"b"
"535",0,0,14.5641342381653,"b"
"536",0,0,12.5456729160037,"b"
"537",0,0,8.07650374063042,"b"
"538",0,0,1.3928701954479,"b"
"539",0,0,7.16394215725543,"b"
"540",0,0,12.3656280453238,"b"
"541",0,0,9.61526491736431,"b"
"542",0,0,8.21296985013347,"b"
"543",0,0,29.8109043183149,"b"
"544",0,0,29.4066131044091,"b"
"545",0,0,21.0298100443837,"b"
"546",0,0,13.3625138220046,"b"
"547",0,0,6.59376015623135,"b"
"548",0,0,3.66052833837914,"b"
"549",0,0,11.0393633748209,"b"
"550",0,0,-0.429497248815766,"b"
"551",0,0,13.7280834658984,"b"
"552",0,0,29.6139297864119,"b"
"553",0,0,4.08921841925799,"b"
"554",0,0,14.0419398586493,"b"
"555",0,0,13.5519515820949,"b"
"556",0,0,7.11346330815546,"b"
"557",0,0,12.6974535136683,"b"
"558",0,0,15.5509278765322,"b"
"559",0,0,26.7734155198074,"b"
"560",0,0,24.5354821228385,"b"
"561",0,0,10.2828345372352,"b"
"562",0,0,12.9686749910333,"b"
"563",0,0,38.980736060963,"b"
"564",0,0,6.22739133987882,"b"
"565",0,0,21.5738457737416,"b"
"566",0,0,14.2254503527831,"b"
"567",0,0,-2.50031527924663,"b"
"568",0,0,5.10883783970875,"b"
"569",0,0,7.91630278040167,"b"
"570",0,0,11.8693709573602,"b"
"571",0,0,28.7121125577307,"b"
"572",0,0,18.6638847427752,"b"
"573",0,0,32.1835836139422,"b"
"574",0,0,33.23396212312,"b"
"575",0,0,8.60996435689508,"b"
"576",0,0,10.1372119891039,"b"
"577",0,0,5.38192334119644,"b"
"578",0,0,9.97993416596414,"b"
"579",0,0,19.9896281961338,"b"
"580",0,0,14.8183728160777,"b"
"581",0,0,17.3102575566586,"b"
"582",0,0,9.38753064086388,"b"
"583",0,0,17.5903924030903,"b"
"584",0,0,8.84208820650847,"b"
"585",0,0,19.8727622346616,"b"
"586",0,0,30.1961102616204,"b"
"587",0,0,18.4523122919184,"b"
"588",0,0,26.5526120156032,"b"
"589",0,0,8.2509335078,"b"
"590",0,0,17.1608948780773,"b"
"591",0,0,-7.8787056487745,"b"
"592",0,0,37.7210131970354,"b"
"593",0,0,23.7657986980077,"b"
"594",0,0,20.1445181147281,"b"
"595",0,0,10.8473734592008,"b"
"596",0,0,16.310379494877,"b"
"597",0,0,34.7548009080602,"b"
"598",0,0,20.5268489849612,"b"
"599",0,0,13.6260370188448,"b"
"600",0,0,6.93608492627777,"b"
"601",0,0,1.72168295052995,"b"
"602",0,0,15.3415845059798,"b"
"603",0,0,10.2676651083484,"b"
"604",0,0,14.3906037523975,"b"
"605",0,0,15.4312432283781,"b"
"606",0,0,15.049472513634,"b"
"607",0,0,20.0219574155349,"b"
"608",0,0,12.8160450641018,"b"
"609",0,0,19.5916954298669,"b"
"610",0,0,14.4186137841551,"b"
"611",0,0,14.6362111608052,"b"
"612",0,0,28.6620369442476,"b"
"613",0,0,9.27369131555673,"b"
"614",0,0,15.6347453840168,"b"
"615",0,0,17.063501633901,"b"
"616",0,0,21.9257621834366,"b"
"617",0,0,4.50923246289558,"b"
"618",0,0,23.0478698232451,"b"
"619",0,0,10.5988959229648,"b"
"620",0,0,29.3100749869353,"b"
"621",0,0,17.8940338883927,"b"
"622",0,0,18.9598198028512,"b"
"623",0,0,20.4485867644221,"b"
"624",0,0,13.5623522745994,"b"
"625",0,0,0.431312714164399,"b"
"626",0,0,19.9143939419653,"b"
"627",0,0,-5.88297236613707,"b"
"628",0,0,23.1861113399252,"b"
"629",0,0,6.71217489201894,"b"
"630",0,0,11.7939230827388,"b"
"631",0,0,17.0435396752606,"b"
"632",0,0,23.9265214447151,"b"
"633",0,0,13.2673216317106,"b"
"634",0,0,13.8825598247769,"b"
"635",0,0,24.0487263561265,"b"
"636",0,0,16.5334342945596,"b"
"637",0,0,4.0139645832334,"b"
"638",0,0,5.98593041518594,"b"
"639",0,0,25.8085443507096,"b"
"640",0,0,22.2291471762992,"b"
"641",0,0,23.4889008108347,"b"
"642",0,0,1.47803456211243,"b"
"643",0,0,-1.86974750989851,"b"
"644",0,0,13.7842310134456,"b"
"645",0,0,2.32598076083622,"b"
"646",0,0,8.51622567101528,"b"
"647",0,0,3.58879127485304,"b"
"648",0,0,14.1479003940904,"b"
"649",0,0,-1.89399333689718,"b"
"650",0,0,2.22884499225428,"b"
"651",0,0,21.8603738133596,"b"
"652",0,0,32.9801493820322,"b"
"653",0,0,9.86201933528003,"b"
"654",0,0,20.7766530137728,"b"
"655",0,0,5.42754694906485,"b"
"656",0,0,12.7894134536256,"b"
"657",0,0,6.82829428154619,"b"
"658",0,0,9.39277492354933,"b"
"659",0,0,13.4596927167543,"b"
"660",0,0,32.4821384996703,"b"
"661",0,0,19.7997363503794,"b"
"662",0,0,14.8916226811494,"b"
"663",0,0,23.6924742991331,"b"
"664",0,0,24.3892647604678,"b"
"665",0,0,7.74999304143661,"b"
"666",0,0,13.4230991935521,"b"
"667",0,0,5.56036824238882,"b"
"668",0,0,15.8755321306815,"b"
"669",0,0,9.6821565722766,"b"
"670",0,0,-4.05797080231162,"b"
"671",0,0,12.2832265371446,"b"
"672",0,0,6.62503372058701,"b"
"673",0,0,13.9653965652723,"b"
"674",0,0,13.2062582891608,"b"
"675",0,0,12.0406843193449,"b"
"676",0,0,-2.70473298748532,"b"
"677",0,0,4.69851191636882,"b"
"678",0,0,6.46743055075693,"b"
"679",0,0,12.8829617981154,"b"
"680",0,0,9.29307012185255,"b"
"681",0,0,5.34075983630113,"b"
"682",0,0,-1.71244374965874,"b"
"683",0,0,19.3106951149718,"b"
"684",0,0,10.1392700191882,"b"
"685",0,0,-0.436498482544271,"b"
"686",0,0,24.7967879231532,"b"
"687",0,0,17.7563760670053,"b"
"688",0,0,4.07129983396277,"b"
"689",0,0,24.982030826772,"b"
"690",0,0,7.5215205874824,"b"
"691",0,0,13.9481014124891,"b"
"692",0,0,12.6449356832096,"b"
"693",0,0,26.993083239702,"b"
"694",0,0,-5.015560068148,"b"
"695",0,0,26.119188916066,"b"
"696",0,0,8.08121655447014,"b"
"697",0,0,17.3801495199708,"b"
"698",0,0,28.3661940442657,"b"
"699",0,0,18.0333074471946,"b"
"700",0,0,6.53511012741458,"b"
"701",0,0,27.4312318356459,"b"
"702",0,0,12.1460541639953,"b"
"703",0,0,23.7260112971695,"b"
"704",0,0,23.2116349970868,"b"
"705",0,0,13.4776963827407,"b"
"706",0,0,-0.350177918729226,"b"
"707",0,0,24.5105265751899,"b"
"708",0,0,36.4059474074978,"b"
"709",0,0,21.0038346045803,"b"
"710",0,0,2.26918904003257,"b"
"711",0,0,9.04992998764598,"b"
"712",0,0,16.7867658290161,"b"
"713",0,0,21.157130943313,"b"
"714",0,0,-7.63292989390959,"b"
"715",0,0,9.47996287845114,"b"
"716",0,0,4.24710214425527,"b"
"717",0,0,8.6330392196527,"b"
"718",0,0,17.0838752006781,"b"
"719",0,0,18.2179379372088,"b"
"720",0,0,18.3866187517224,"b"
"721",0,0,4.13605259692655,"b"
"722",0,0,7.33487616790134,"b"
"723",0,0,16.5428842895501,"b"
"724",0,0,5.94932528667522,"b"
"725",0,0,17.6295066849677,"b"
"726",0,0,21.519038222869,"b"
"727",0,0,4.61040404607152,"b"
"728",0,0,10.8780485739032,"b"
"729",0,0,13.1882249632984,"b"
"730",0,0,20.2103919386694,"b"
"731",0,0,17.7363858377081,"b"
"732",0,0,9.76263255362828,"b"
"733",0,0,11.1087826457403,"b"
"734",0,0,10.1703641697041,"b"
"735",0,0,23.1871197101384,"b"
"736",0,0,24.1704900479406,"b"
"737",0,0,20.7951175766355,"b"
"738",0,0,27.6149733333157,"b"
"739",0,0,11.7619545849626,"b"
"740",0,0,20.0144531330963,"b"
"741",0,0,12.5792449993005,"b"
"742",0,0,20.139005039494,"b"
"743",0,0,24.5701222830911,"b"
"744",0,0,43.6149310923875,"b"
"745",0,0,20.4593865694763,"b"
"746",0,0,17.4822722021922,"b"
"747",0,0,3.48137310960218,"b"
"748",0,0,18.999390638039,"b"
"749",0,0,12.6564612654824,"b"
"750",0,0,1.81665829260584,"b"
"751",0,0,33.8380253837831,"b"
"752",0,0,-3.44093204959294,"b"
"753",0,0,17.2203843672663,"b"
"754",0,0,-5.79347616300833,"b"
"755",0,0,21.2512982180646,"b"
"756",0,0,10.1582795514419,"b"
"757",0,0,13.3911382477962,"b"
"758",0,0,-0.53568829839049,"b"
"759",0,0,15.0899802851387,"b"
"760",0,0,12.5837173516907,"b"
"761",0,0,29.9593841728934,"b"
"762",0,0,28.5499299955922,"b"
"763",0,0,13.3152144977794,"b"
"764",0,0,10.7885202756189,"b"
"765",0,0,13.8140019387329,"b"
"766",0,0,0.783025425737652,"b"
"767",0,0,11.4220022635431,"b"
"768",0,0,18.7305132786917,"b"
"769",0,0,23.221774320518,"b"
"770",0,0,5.46139042541319,"b"
"771",0,0,-5.25275733934074,"b"
"772",0,0,29.6156403051147,"b"
"773",0,0,3.94950154707833,"b"
"774",0,0,9.59179942853113,"b"
"775",0,0,-7.48371823452388,"b"
"776",0,0,14.4828666697824,"b"
"777",0,0,11.7890532455325,"b"
"778",0,0,10.7331583545904,"b"
"779",0,0,18.0021101508892,"b"
"780",0,0,3.67064722834817,"b"
"781",0,0,-1.36145673157699,"b"
"782",0,0,30.0125890945047,"b"
"783",0,0,17.8725970005004,"b"
"784",0,0,22.9512503722194,"b"
"785",0,0,18.9927073663673,"b"
"786",0,0,8.28522685808066,"b"
"787",0,0,7.39537715222984,"b"
"788",0,0,11.4884362851661,"b"
"789",0,0,16.5243974628092,"b"
"790",0,0,16.276578344781,"b"
"791",0,0,16.7386532147558,"b"
"792",0,0,24.710747122578,"b"
"793",0,0,11.1783982957621,"b"
"794",0,0,-9.80489312688688,"b"
"795",0,0,19.9526957656993,"b"
"796",0,0,13.5789081212696,"b"
"797",0,0,20.3234255089105,"b"
"798",0,0,25.4496258369999,"b"
"799",0,0,3.18344275587809,"b"
"800",0,0,14.223512851582,"b"
"801",0,0,15.2869648108647,"b"
"802",0,0,8.50134180103519,"b"
"803",0,0,0.139560152153043,"b"
"804",0,0,12.5837133545258,"b"
"805",0,0,4.37542562627293,"b"
"806",0,0,22.0460610819667,"b"
"807",0,0,1.38941707268852,"b"
"808",0,0,8.32404564928471,"b"
"809",0,0,8.06911188508813,"b"
"810",0,0,7.68430711873018,"b"
"811",0,0,23.7537579774969,"b"
"812",0,0,21.2304372562223,"b"
"813",0,0,21.2870520541183,"b"
"814",0,0,30.4982680636279,"b"
"815",0,0,20.1354679430398,"b"
"816",0,0,24.7171866500858,"b"
"817",0,0,23.2093381057632,"b"
"818",0,0,10.9418690014265,"b"
"819",0,0,13.7066518938196,"b"
"820",0,0,13.1644128880604,"b"
"821",0,0,12.9743152296854,"b"
"822",0,0,3.21609107502974,"b"
"823",0,0,23.9517385641534,"b"
"824",0,0,22.6195049823221,"b"
"825",0,0,7.24837110954184,"b"
"826",0,0,10.8933066394602,"b"
"827",0,0,7.99488850881748,"b"
"828",0,0,3.63079275121928,"b"
"829",0,0,25.0666608042091,"b"
"830",0,0,15.8231436337564,"b"
"831",0,0,14.29714750792,"b"
"832",0,0,18.6398824641091,"b"
"833",0,0,11.64543550374,"b"
"834",0,0,9.41724837186748,"b"
"835",0,0,-0.0381084764901498,"b"
"836",0,0,14.4822922823027,"b"
"837",0,0,9.05298300340761,"b"
"838",0,0,15.5194554679762,"b"
"839",0,0,11.9199923244611,"b"
"840",0,0,14.4586181288826,"b"
"841",0,0,33.4812758411482,"b"
"842",0,0,12.8865853991894,"b"
"843",0,0,4.41145294205048,"b"
"844",0,0,6.2324500971446,"b"
"845",0,0,14.7892267251084,"b"
"846",0,0,-0.709971530979711,"b"
"847",0,0,10.367495313043,"b"
"848",0,0,3.99905475438049,"b"
"849",0,0,19.5406512559503,"b"
"850",0,0,33.3936843095004,"b"
"851",0,0,9.5390067507803,"b"
"852",0,0,20.3136441051604,"b"
"853",0,0,-12.2145436584417,"b"
"854",0,0,16.9081466533072,"b"
"855",0,0,3.48778597216502,"b"
"856",0,0,24.2674483026854,"b"
"857",0,0,8.34706451850707,"b"
"858",0,0,14.706353531597,"b"
"859",0,0,2.61955188942659,"b"
"860",0,0,5.05105066575653,"b"
"861",0,0,8.15977766058005,"b"
"862",0,0,6.27686043620165,"b"
"863",0,0,16.1986057117995,"b"
"864",0,0,26.9638795710831,"b"
"865",0,0,25.1064164282175,"b"
"866",0,0,7.72702505899452,"b"
"867",0,0,30.1750998415968,"b"
"868",0,0,21.23186997776,"b"
"869",0,0,17.9529355586711,"b"
"870",0,0,3.0387309135898,"b"
"871",0,0,23.8428068526767,"b"
"872",0,0,5.29131889173187,"b"
"873",0,0,-8.38246865249082,"b"
"874",0,0,23.2206965063406,"b"
"875",0,0,6.50908401571372,"b"
"876",0,0,20.8551753800666,"b"
"877",0,0,34.5657027842317,"b"
"878",0,0,3.02994999592512,"b"
"879",0,0,9.30807928822355,"b"
"880",0,0,15.8481838530811,"b"
"881",0,0,0.00564298325259216,"b"
"882",0,0,14.3306274244503,"b"
"883",0,0,14.2968272924557,"b"
"884",0,0,5.69074892136609,"b"
"885",0,0,14.1713743622486,"b"
"886",0,0,7.90999433950292,"b"
"887",0,0,-1.57841023566269,"b"
"888",0,0,12.3716079925478,"b"
"889",0,0,11.534749055697,"b"
"890",0,0,12.5476181125687,"b"
"891",0,0,19.7658338446648,"b"
"892",0,0,-10.305046454912,"b"
"893",0,0,-4.07610907599157,"b"
"894",0,0,11.4315766892794,"b"
"895",0,0,5.16931949490309,"b"
"896",0,0,3.6972894340523,"b"
"897",0,0,-1.78380375760867,"b"
"898",0,0,13.5873748736351,"b"
"899",0,0,29.7035736722708,"b"
"900",0,0,-3.95871072430578,"b"
"901",0,0,3.93796801890522,"b"
"902",0,0,13.2188752261065,"b"
"903",0,0,-0.46864877448556,"b"
"904",0,0,15.1540946438355,"b"
"905",0,0,1.93648167401408,"b"
"906",0,0,33.2147553220582,"b"
"907",0,0,12.9492953814661,"b"
"908",0,0,9.12100993852812,"b"
"909",0,0,1.23987295634289,"b"
"910",0,0,1.12966296172647,"b"
"911",0,0,0.588591900404028,"b"
"912",0,0,17.9653783285144,"b"
"913",0,0,19.308405934937,"b"
"914",0,0,5.06077801366649,"b"
"915",0,0,24.6382382314659,"b"
"916",0,0,13.2887940035704,"b"
"917",0,0,-5.72511102421014,"b"
"918",0,0,22.2299564755751,"b"
"919",0,0,13.4892432029105,"b"
"920",0,0,30.1036213894613,"b"
"921",0,0,12.5937749467704,"b"
"922",0,0,19.0274581046199,"b"
"923",0,0,7.36879708520571,"b"
"924",0,0,23.0597649701303,"b"
"925",0,0,17.0970384466938,"b"
"926",0,0,13.6421333627992,"b"
"927",0,0,25.0907744627014,"b"
"928",0,0,17.9541920989136,"b"
"929",0,0,5.59948739893425,"b"
"930",0,0,25.834966810208,"b"
"931",0,0,15.5245521860401,"b"
"932",0,0,29.3974077659315,"b"
"933",0,0,19.0943886701437,"b"
"934",0,0,14.6034973542767,"b"
"935",0,0,11.0839749311086,"b"
"936",0,0,27.0675595924452,"b"
"937",0,0,14.184311577774,"b"
"938",0,0,8.47545361006273,"b"
"939",0,0,11.5126339224422,"b"
"940",0,0,19.4565704958193,"b"
"941",0,0,16.6236546840452,"b"
"942",0,0,15.9654614405432,"b"
"943",0,0,28.158751017303,"b"
"944",0,0,8.4689983928585,"b"
"945",0,0,18.6432304870023,"b"
"946",0,0,8.96085953595449,"b"
"947",0,0,16.9343960101876,"b"
"948",0,0,6.34483060241373,"b"
"949",0,0,43.6691873130816,"b"
"950",0,0,9.54106963648507,"b"
"951",0,0,10.0973228753803,"b"
"952",0,0,12.1064541252266,"b"
"953",0,0,23.297801237234,"b"
"954",0,0,-0.979589292460693,"b"
"955",0,0,11.6218318551779,"b"
"956",0,0,17.3798160944849,"b"
"957",0,0,14.4673756422971,"b"
"958",0,0,19.8565680444858,"b"
"959",0,0,30.8811436090856,"b"
"960",0,0,13.8824122526853,"b"
"961",0,0,22.726926011656,"b"
"962",0,0,33.5079206894065,"b"
"963",0,0,6.17969832030023,"b"
"964",0,0,15.6562923636111,"b"
"965",0,0,14.6161273287597,"b"
"966",0,0,13.4231487851332,"b"
"967",0,0,4.74490063580698,"b"
"968",0,0,10.901850349841,"b"
"969",0,0,13.727261618637,"b"
"970",0,0,24.6976560027503,"b"
"971",0,0,10.7100785887464,"b"
"972",0,0,2.65438888057376,"b"
"973",0,0,12.3755464979276,"b"
"974",0,0,2.6705227385956,"b"
"975",0,0,17.2724686847142,"b"
"976",0,0,2.21627864865078,"b"
"977",0,0,24.8878573485032,"b"
"978",0,0,21.9451110644414,"b"
"979",0,0,16.7694355111085,"b"
"980",0,0,25.8821020311615,"b"
"981",0,0,4.98589284014389,"b"
"982",0,0,25.7676335015196,"b"
"983",0,0,7.12198674465282,"b"
"984",0,0,13.0174011628627,"b"
"985",0,0,-9.0041841156768,"b"
"986",0,0,10.310833394683,"b"
"987",0,0,5.46171086936888,"b"
"988",0,0,9.73501851417882,"b"
"989",0,0,10.0553134281623,"b"
"990",0,0,7.39272533439207,"b"
"991",0,0,19.5656591728714,"b"
"992",0,0,26.1658404777448,"b"
"993",0,0,8.28272572474228,"b"
"994",0,0,-2.22238030457414,"b"
"995",0,0,23.6051011883262,"b"
"996",0,0,17.5595990841458,"b"
"997",0,0,11.2661187813138,"b"
"998",0,0,28.9542922123383,"b"
"999",0,0,-4.95154145561413,"b"
"1000",0,0,27.4052334778477,"b"
"1001",0,0,26.4658630183772,"b"
"1002",0,0,6.34491109045654,"b"
"1003",0,0,16.1617688574568,"b"
"1004",0,0,10.3563271621054,"b"
"1005",0,0,5.79327292345697,"b"
"1006",0,0,19.8236070616601,"b"
"1007",0,0,1.45590479976278,"b"
"1008",0,0,-1.35540720653331,"b"
"1009",0,0,7.60807922464133,"b"
"1010",0,0,23.0280034555993,"b"
"1011",0,0,-5.18647607091458,"b"
"1012",0,0,13.9209415019929,"b"
"1013",0,0,21.3604879575537,"b"
"1014",0,0,22.3475583287393,"b"
"1015",0,0,26.00659887319,"b"
"1016",0,0,4.2517974208716,"b"
"1017",0,0,15.5783201471204,"b"
"1018",0,0,20.8289301280845,"b"
"1019",0,0,18.3548983465962,"b"
"1020",0,0,20.4469183652372,"b"
"1021",0,0,26.5369401145439,"b"
"1022",0,0,18.3510713072138,"b"
"1023",0,0,20.9512619720129,"b"
"1024",0,0,17.4814867338236,"b"
"1025",0,0,18.2633859479058,"b"
"1026",0,0,23.0041645406122,"b"
"1027",0,0,11.83021311171,"b"
"1028",0,0,18.7708208285334,"b"
"1029",0,0,28.5573376570901,"b"
"1030",0,0,7.61005492761047,"b"
"1031",0,0,4.88388650438969,"b"
"1032",0,0,5.22905620753811,"b"
"1033",0,0,18.0737707098207,"b"
"1034",0,0,-3.79459262495244,"b"
"1035",0,0,21.7188833064171,"b"
"1036",0,0,13.4736800956978,"b"
"1037",0,0,3.57764085411125,"b"
"1038",0,0,10.8368303933557,"b"
"1039",0,0,3.35331762527343,"b"
"1040",0,0,11.9127191977678,"b"
"1041",0,0,8.06172796645791,"b"
"1042",0,0,-1.99830387573041,"b"
"1043",0,0,31.9209802560157,"b"
"1044",0,0,11.0251644751222,"b"
"1045",0,0,4.8861132347067,"b"
"1046",0,0,19.1936413537356,"b"
"1047",0,0,18.6659235032414,"b"
"1048",0,0,21.5296385172831,"b"
"1049",0,0,17.6258077647269,"b"
"1050",0,0,20.4458368394766,"b"
"1051",0,0,32.0896198636152,"b"
"1052",0,0,9.14988277321401,"b"
"1053",0,0,31.1290006130665,"b"
"1054",0,0,10.4009655337655,"b"
"1055",0,0,11.8977775373351,"b"
"1056",0,0,22.2860275392569,"b"
"1057",0,0,6.47150081325235,"b"
"1058",0,0,15.6991935935011,"b"
"1059",0,0,8.67522341197744,"b"
"1060",0,0,-3.86042789845545,"b"
"1061",0,0,4.04808513589575,"b"
"1062",0,0,26.63923050259,"b"
"1063",0,0,17.7354646824946,"b"
"1064",0,0,12.7120220403067,"b"
"1065",0,0,-2.30921732027625,"b"
"1066",0,0,-3.69897479874333,"b"
"1067",0,0,2.40882478283478,"b"
"1068",0,0,8.63310921128266,"b"
"1069",0,0,9.27963794449975,"b"
"1070",0,0,6.07719222942847,"b"
"1071",0,0,17.8042535959528,"b"
"1072",0,0,6.98733998422906,"b"
"1073",0,0,-6.36781032250963,"b"
"1074",0,0,4.15968710813768,"b"
"1075",0,0,19.6874733824848,"b"
"1076",0,0,8.10715971888214,"b"
"1077",0,0,10.0695913415549,"b"
"1078",0,0,7.37933033575103,"b"
"1079",0,0,6.64763373339459,"b"
"1080",0,0,31.5086999925303,"b"
"1081",0,0,5.5081798324289,"b"
"1082",0,0,32.0356039673259,"b"
"1083",0,0,13.2159476382655,"b"
"1084",0,0,2.83899904721785,"b"
"1085",0,0,13.6272300614305,"b"
"1086",0,0,-2.81523367456127,"b"
"1087",0,0,14.004679095984,"b"
"1088",0,0,11.3765446723962,"b"
"1089",0,0,22.4835554326721,"b"
"1090",0,0,15.79970876099,"b"
"1091",0,0,13.0886313136487,"b"
"1092",0,0,12.5857977147913,"b"
"1093",0,0,18.8501463552123,"b"
"1094",0,0,11.3033442340609,"b"
"1095",0,0,4.31135483048118,"b"
"1096",0,0,2.76501609359176,"b"
"1097",0,0,45.3936872899573,"b"
"1098",0,0,4.30454108774239,"b"
"1099",0,0,-4.37538030537182,"b"
"1100",0,0,1.20424160909829,"b"
"1101",0,0,22.8208329643952,"c"
"1102",0,0,24.1049581754521,"c"
"1103",0,0,23.054824309593,"c"
"1104",0,0,16.5583250737518,"c"
"1105",0,0,16.4893075174429,"c"
